{"impulse_time": 0.5, "trail_lf": 600, "trail_hf": 1500, "forward_damping_mult": 0.0, "backward_damping_mult": 0.99, "damping_fade_expo": 1, "filter_order": 5, "locs": [0.05, 0.7083333333333334, 1.3666666666666667, 2.025, 2.683333333333333, 3.3416666666666663, 4.0]}