{"impulse_time": 0.9, "trail_lf": 100, "trail_hf": 2000, "forward_damping_mult": 0.0, "backward_damping_mult": 0.8, "damping_fade_expo": 2, "filter_order": 4, "locs": [0.05, 0.21249999999999997, 0.37499999999999994, 0.5375, 0.7, 2.5, 2.675, 2.85, 3.0250000000000004, 3.2]}