{"impulse_time": 0.05, "trail_lf": 10, "trail_hf": 6000, "forward_damping_mult": 0.0, "backward_damping_mult": 0.0, "damping_fade_expo": 2, "filter_order": 4, "locs": [0.05, 0.2578947368421053, 0.46578947368421053, 0.6736842105263159, 0.8815789473684211, 1.0894736842105264, 1.2973684210526317, 1.5052631578947369, 1.7131578947368422, 1.9210526315789476, 2.1289473684210525, 2.3368421052631576, 2.544736842105263, 2.7526315789473683, 2.9605263157894735, 3.168421052631579, 3.376315789473684, 3.5842105263157893, 3.792105263157895, 4.0]}